{
	"parent": "minecraft:item/generated",
	"textures": {
		"layer0": "minecraft:item/item_frame"
	},
	"overrides": [
		{"predicate": {"custom_model_data":  1}, "model": "generrosity:candle/tall_candle/white"},
		{"predicate": {"custom_model_data":  2}, "model": "generrosity:candle/tall_candle/orange"},
		{"predicate": {"custom_model_data":  3}, "model": "generrosity:candle/tall_candle/magenta"},
		{"predicate": {"custom_model_data":  4}, "model": "generrosity:candle/tall_candle/light_blue"},
		{"predicate": {"custom_model_data":  5}, "model": "generrosity:candle/tall_candle/yellow"},
		{"predicate": {"custom_model_data":  6}, "model": "generrosity:candle/tall_candle/lime"},
		{"predicate": {"custom_model_data":  7}, "model": "generrosity:candle/tall_candle/pink"},
		{"predicate": {"custom_model_data":  8}, "model": "generrosity:candle/tall_candle/gray"},
		{"predicate": {"custom_model_data":  9}, "model": "generrosity:candle/tall_candle/light_gray"},
		{"predicate": {"custom_model_data": 10}, "model": "generrosity:candle/tall_candle/cyan"},
		{"predicate": {"custom_model_data": 11}, "model": "generrosity:candle/tall_candle/purple"},
		{"predicate": {"custom_model_data": 12}, "model": "generrosity:candle/tall_candle/blue"},
		{"predicate": {"custom_model_data": 13}, "model": "generrosity:candle/tall_candle/brown"},
		{"predicate": {"custom_model_data": 14}, "model": "generrosity:candle/tall_candle/green"},
		{"predicate": {"custom_model_data": 15}, "model": "generrosity:candle/tall_candle/red"},
		{"predicate": {"custom_model_data": 16}, "model": "generrosity:candle/tall_candle/black"},

		{"predicate": {"custom_model_data": 17}, "model": "generrosity:candle/candle_stub/white"},
		{"predicate": {"custom_model_data": 18}, "model": "generrosity:candle/candle_stub/orange"},
		{"predicate": {"custom_model_data": 19}, "model": "generrosity:candle/candle_stub/magenta"},
		{"predicate": {"custom_model_data": 20}, "model": "generrosity:candle/candle_stub/light_blue"},
		{"predicate": {"custom_model_data": 21}, "model": "generrosity:candle/candle_stub/yellow"},
		{"predicate": {"custom_model_data": 22}, "model": "generrosity:candle/candle_stub/lime"},
		{"predicate": {"custom_model_data": 23}, "model": "generrosity:candle/candle_stub/pink"},
		{"predicate": {"custom_model_data": 24}, "model": "generrosity:candle/candle_stub/gray"},
		{"predicate": {"custom_model_data": 25}, "model": "generrosity:candle/candle_stub/light_gray"},
		{"predicate": {"custom_model_data": 26}, "model": "generrosity:candle/candle_stub/cyan"},
		{"predicate": {"custom_model_data": 27}, "model": "generrosity:candle/candle_stub/purple"},
		{"predicate": {"custom_model_data": 28}, "model": "generrosity:candle/candle_stub/blue"},
		{"predicate": {"custom_model_data": 29}, "model": "generrosity:candle/candle_stub/brown"},
		{"predicate": {"custom_model_data": 30}, "model": "generrosity:candle/candle_stub/green"},
		{"predicate": {"custom_model_data": 31}, "model": "generrosity:candle/candle_stub/red"},
		{"predicate": {"custom_model_data": 32}, "model": "generrosity:candle/candle_stub/black"},

		{"predicate": {"custom_model_data": 33}, "model": "generrosity:candle/melted_wax/white"},
		{"predicate": {"custom_model_data": 34}, "model": "generrosity:candle/melted_wax/orange"},
		{"predicate": {"custom_model_data": 35}, "model": "generrosity:candle/melted_wax/magenta"},
		{"predicate": {"custom_model_data": 36}, "model": "generrosity:candle/melted_wax/light_blue"},
		{"predicate": {"custom_model_data": 37}, "model": "generrosity:candle/melted_wax/yellow"},
		{"predicate": {"custom_model_data": 38}, "model": "generrosity:candle/melted_wax/lime"},
		{"predicate": {"custom_model_data": 39}, "model": "generrosity:candle/melted_wax/pink"},
		{"predicate": {"custom_model_data": 40}, "model": "generrosity:candle/melted_wax/gray"},
		{"predicate": {"custom_model_data": 41}, "model": "generrosity:candle/melted_wax/light_gray"},
		{"predicate": {"custom_model_data": 42}, "model": "generrosity:candle/melted_wax/cyan"},
		{"predicate": {"custom_model_data": 43}, "model": "generrosity:candle/melted_wax/purple"},
		{"predicate": {"custom_model_data": 44}, "model": "generrosity:candle/melted_wax/blue"},
		{"predicate": {"custom_model_data": 45}, "model": "generrosity:candle/melted_wax/brown"},
		{"predicate": {"custom_model_data": 46}, "model": "generrosity:candle/melted_wax/green"},
		{"predicate": {"custom_model_data": 47}, "model": "generrosity:candle/melted_wax/red"},
		{"predicate": {"custom_model_data": 48}, "model": "generrosity:candle/melted_wax/black"},

		{"predicate": {"custom_model_data": 49}, "model": "generrosity:candle/tall_candle_with_holder/white"},
		{"predicate": {"custom_model_data": 50}, "model": "generrosity:candle/tall_candle_with_holder/orange"},
		{"predicate": {"custom_model_data": 51}, "model": "generrosity:candle/tall_candle_with_holder/magenta"},
		{"predicate": {"custom_model_data": 52}, "model": "generrosity:candle/tall_candle_with_holder/light_blue"},
		{"predicate": {"custom_model_data": 53}, "model": "generrosity:candle/tall_candle_with_holder/yellow"},
		{"predicate": {"custom_model_data": 54}, "model": "generrosity:candle/tall_candle_with_holder/lime"},
		{"predicate": {"custom_model_data": 55}, "model": "generrosity:candle/tall_candle_with_holder/pink"},
		{"predicate": {"custom_model_data": 56}, "model": "generrosity:candle/tall_candle_with_holder/gray"},
		{"predicate": {"custom_model_data": 57}, "model": "generrosity:candle/tall_candle_with_holder/light_gray"},
		{"predicate": {"custom_model_data": 58}, "model": "generrosity:candle/tall_candle_with_holder/cyan"},
		{"predicate": {"custom_model_data": 59}, "model": "generrosity:candle/tall_candle_with_holder/purple"},
		{"predicate": {"custom_model_data": 60}, "model": "generrosity:candle/tall_candle_with_holder/blue"},
		{"predicate": {"custom_model_data": 61}, "model": "generrosity:candle/tall_candle_with_holder/brown"},
		{"predicate": {"custom_model_data": 62}, "model": "generrosity:candle/tall_candle_with_holder/green"},
		{"predicate": {"custom_model_data": 63}, "model": "generrosity:candle/tall_candle_with_holder/red"},
		{"predicate": {"custom_model_data": 64}, "model": "generrosity:candle/tall_candle_with_holder/black"},

		{"predicate": {"custom_model_data": 65}, "model": "generrosity:candle/candle_stub_with_holder/white"},
		{"predicate": {"custom_model_data": 66}, "model": "generrosity:candle/candle_stub_with_holder/orange"},
		{"predicate": {"custom_model_data": 67}, "model": "generrosity:candle/candle_stub_with_holder/magenta"},
		{"predicate": {"custom_model_data": 68}, "model": "generrosity:candle/candle_stub_with_holder/light_blue"},
		{"predicate": {"custom_model_data": 69}, "model": "generrosity:candle/candle_stub_with_holder/yellow"},
		{"predicate": {"custom_model_data": 70}, "model": "generrosity:candle/candle_stub_with_holder/lime"},
		{"predicate": {"custom_model_data": 71}, "model": "generrosity:candle/candle_stub_with_holder/pink"},
		{"predicate": {"custom_model_data": 72}, "model": "generrosity:candle/candle_stub_with_holder/gray"},
		{"predicate": {"custom_model_data": 73}, "model": "generrosity:candle/candle_stub_with_holder/light_gray"},
		{"predicate": {"custom_model_data": 74}, "model": "generrosity:candle/candle_stub_with_holder/cyan"},
		{"predicate": {"custom_model_data": 75}, "model": "generrosity:candle/candle_stub_with_holder/purple"},
		{"predicate": {"custom_model_data": 76}, "model": "generrosity:candle/candle_stub_with_holder/blue"},
		{"predicate": {"custom_model_data": 77}, "model": "generrosity:candle/candle_stub_with_holder/brown"},
		{"predicate": {"custom_model_data": 78}, "model": "generrosity:candle/candle_stub_with_holder/green"},
		{"predicate": {"custom_model_data": 79}, "model": "generrosity:candle/candle_stub_with_holder/red"},
		{"predicate": {"custom_model_data": 80}, "model": "generrosity:candle/candle_stub_with_holder/black"},

		{"predicate": {"custom_model_data": 81}, "model": "generrosity:candle/ghost_block/stone_bricks"},
		{"predicate": {"custom_model_data": 82}, "model": "generrosity:candle/ghost_block/glass"},

		{"predicate": {"custom_model_data": 83}, "model": "generrosity:candle/ghost_block/stained_glass/white"},
		{"predicate": {"custom_model_data": 84}, "model": "generrosity:candle/ghost_block/stained_glass/orange"},
		{"predicate": {"custom_model_data": 85}, "model": "generrosity:candle/ghost_block/stained_glass/magenta"},
		{"predicate": {"custom_model_data": 86}, "model": "generrosity:candle/ghost_block/stained_glass/light_blue"},
		{"predicate": {"custom_model_data": 87}, "model": "generrosity:candle/ghost_block/stained_glass/yellow"},
		{"predicate": {"custom_model_data": 88}, "model": "generrosity:candle/ghost_block/stained_glass/lime"},
		{"predicate": {"custom_model_data": 89}, "model": "generrosity:candle/ghost_block/stained_glass/pink"},
		{"predicate": {"custom_model_data": 90}, "model": "generrosity:candle/ghost_block/stained_glass/gray"},
		{"predicate": {"custom_model_data": 91}, "model": "generrosity:candle/ghost_block/stained_glass/light_gray"},
		{"predicate": {"custom_model_data": 92}, "model": "generrosity:candle/ghost_block/stained_glass/cyan"},
		{"predicate": {"custom_model_data": 93}, "model": "generrosity:candle/ghost_block/stained_glass/purple"},
		{"predicate": {"custom_model_data": 94}, "model": "generrosity:candle/ghost_block/stained_glass/blue"},
		{"predicate": {"custom_model_data": 95}, "model": "generrosity:candle/ghost_block/stained_glass/brown"},
		{"predicate": {"custom_model_data": 96}, "model": "generrosity:candle/ghost_block/stained_glass/green"},
		{"predicate": {"custom_model_data": 97}, "model": "generrosity:candle/ghost_block/stained_glass/red"},
		{"predicate": {"custom_model_data": 98}, "model": "generrosity:candle/ghost_block/stained_glass/black"}
	]
}