{
  "type": "minecraft:generic",
  "pools": [
	{
	  "rolls": 1,
	  "entries": [
		{
		  "type": "minecraft:alternatives",
		  "children": [
			{
			  "conditions": [
				{
				  "condition": "minecraft:weather_check",
				  "predicate": {
					"raining": false,
					"thundering": false
				  }
				}
			  ],
			  "type": "minecraft:item",
			  "name": "minecraft:golden_hoe",
			  "functions": [
				{
				  "function": "minecraft:set_nbt",
				  "tag": "{weather:0b}"
				}
			  ]
			},
			{
			  "conditions": [
				{
				  "condition": "minecraft:weather_check",
				  "predicate": {
					"raining": true,
					"thundering": false
				  }
				}
			  ],
			  "type": "minecraft:item",
			  "name": "minecraft:golden_hoe",
			  "functions": [
				{
				  "function": "minecraft:set_nbt",
				  "tag": "{weather:1b}"
				}
			  ]
			},
			{
			  "conditions": [
				{
				  "condition": "minecraft:weather_check",
				  "predicate": {
					"raining": true,
					"thundering": false
				  }
				}
			  ],
			  "type": "minecraft:item",
			  "name": "minecraft:golden_hoe",
			  "functions": [
				{
				  "function": "minecraft:set_nbt",
				  "tag": "{weather:2b}"
				}
			  ]
			},
			{
			  "conditions": [
				{
				  "condition": "minecraft:weather_check",
				  "predicate": {
					"raining": true,
					"thundering": true
				  }
				}
			  ],
			  "type": "minecraft:item",
			  "name": "minecraft:golden_hoe",
			  "functions": [
				{
				  "function": "minecraft:set_nbt",
				  "tag": "{weather:3b}"
				}
			  ]
			}
		  ]
		}
	  ]
	}
  ]
}


