{
  "display": {
    "icon": {
      "item": "minecraft:barrier"
    },
    "title": "No Lag v.1.9.7",
    "description": [{"translate":"With the "},{"text":"No Lag Datapack v.1.9.7"},{"translate":" from 2mal3, the lag in the world is destroyed with over 6 different and adjustable methods."}],
    "frame": "goal",
    "show_toast": true,
    "announce_to_chat": false,
    "hidden": false
  },
  "parent": "global:2mal3",
  "criteria": {
    "tick": {
      "trigger": "minecraft:tick"
    }
  }
}
