{
  "type": "minecraft:entity",
  "pools": [
    {
      "rolls": 1,
      "entries": [
        {
          "type": "minecraft:loot_table",
		  "name": "caves:items/sword/diamond_sword_water"
        },
		{
          "type": "minecraft:loot_table",
		  "name": "caves:items/pickaxe/diamond_pickaxe_water"
        },
		{
          "type": "minecraft:loot_table",
		  "name": "caves:items/axe/diamond_axe_water"
        },
		{
          "type": "minecraft:loot_table",
		  "name": "caves:items/shovel/diamond_shovel_water"
        },
		{
          "type": "minecraft:loot_table",
		  "name": "caves:items/helmet/diamond_helmet_water"
        },
		{
          "type": "minecraft:loot_table",
		  "name": "caves:items/chestplate/diamond_chestplate_water"
        },
		{
          "type": "minecraft:loot_table",
		  "name": "caves:items/leggings/diamond_leggings_water"
        },
		{
          "type": "minecraft:loot_table",
		  "name": "caves:items/boots/diamond_boots_water"
        }
      ]
    }
  ]
}