{
	"pools": [
		{
			"rolls": 1,
			"entries": [
				{
					"type": "minecraft:item",
					"name": "minecraft:item_frame",
					"functions": [
						{
							"function": "minecraft:set_name",
							"name": {"translate": "generrosity.candle.orange_candle_stub_with_holder", "color": "white", "italic": false}
						},
						{
							"function": "minecraft:set_nbt",
							"tag": "{ctc: {id: 'orange_candle_stub_with_holder', from: 'generrosity:candle', traits: ['block']}}"
						},
						{
							"function": "minecraft:set_nbt",
							"tag": "{EntityTag: {Invisible: 1b, NoAI: 1b, NoGravity: 1b, Silent: 1b, Tags: ['candle.custom_block.placement']}}"
						},
						{
							"function": "minecraft:set_nbt",
							"tag": "{CustomModelData: 66}"
						}
					]
				}
			]
		}
	]
}