{"cache":{"tags/functions":{"minecraft:load":{"def":[],"ref":[]},"minecraft:tick":{"def":[],"ref":[]}},"functions":{"nbt-nametags:init":{"def":[],"ref":[]},"nbt-nametags:loop":{"def":[],"ref":[]}},"objectives":{"NBTnametags":{"def":[{"start":26,"end":37,"rel":"data/nbt-nametags/functions/init.mcfunction","line":2}],"ref":[{"start":53,"end":64,"rel":"data/nbt-nametags/functions/loop.mcfunction","line":0},{"start":51,"end":62,"rel":"data/nbt-nametags/functions/loop.mcfunction","line":1},{"start":58,"end":69,"rel":"data/nbt-nametags/functions/loop.mcfunction","line":3},{"start":56,"end":67,"rel":"data/nbt-nametags/functions/loop.mcfunction","line":4},{"start":55,"end":66,"rel":"data/nbt-nametags/functions/loop.mcfunction","line":6},{"start":58,"end":69,"rel":"data/nbt-nametags/functions/loop.mcfunction","line":7},{"start":53,"end":64,"rel":"data/nbt-nametags/functions/loop.mcfunction","line":9},{"start":55,"end":66,"rel":"data/nbt-nametags/functions/loop.mcfunction","line":10},{"start":61,"end":72,"rel":"data/nbt-nametags/functions/loop.mcfunction","line":12},{"start":64,"end":75,"rel":"data/nbt-nametags/functions/loop.mcfunction","line":13},{"start":53,"end":64,"rel":"data/nbt-nametags/functions/loop.mcfunction","line":15},{"start":54,"end":65,"rel":"data/nbt-nametags/functions/loop.mcfunction","line":16},{"start":53,"end":64,"rel":"data/nbt-nametags/functions/loop.mcfunction","line":22},{"start":51,"end":62,"rel":"data/nbt-nametags/functions/loop.mcfunction","line":23},{"start":58,"end":69,"rel":"data/nbt-nametags/functions/loop.mcfunction","line":25},{"start":56,"end":67,"rel":"data/nbt-nametags/functions/loop.mcfunction","line":26},{"start":55,"end":66,"rel":"data/nbt-nametags/functions/loop.mcfunction","line":28},{"start":58,"end":69,"rel":"data/nbt-nametags/functions/loop.mcfunction","line":29},{"start":53,"end":64,"rel":"data/nbt-nametags/functions/loop.mcfunction","line":31},{"start":55,"end":66,"rel":"data/nbt-nametags/functions/loop.mcfunction","line":32},{"start":61,"end":72,"rel":"data/nbt-nametags/functions/loop.mcfunction","line":34},{"start":64,"end":75,"rel":"data/nbt-nametags/functions/loop.mcfunction","line":35},{"start":53,"end":64,"rel":"data/nbt-nametags/functions/loop.mcfunction","line":37},{"start":54,"end":65,"rel":"data/nbt-nametags/functions/loop.mcfunction","line":38},{"start":55,"end":66,"rel":"data/nbt-nametags/functions/loop.mcfunction","line":40},{"start":58,"end":69,"rel":"data/nbt-nametags/functions/loop.mcfunction","line":41}]}}},"files":{"data":{"minecraft":{"tags":{"functions":{"load.json":1580939601560.5898,"tick.json":1580939610552.8325}}},"nbt-nametags":{"functions":{"loop.mcfunction":1580945709495.8848,"init.mcfunction":1580945492790.324}}}},"version":4}