{
    "display": {
        "thirdperson_righthand": {
            "rotation": [ 75, 45, 0 ],
            "translation": [ 0, 2.5, 0 ],
            "scale": [ 0.375, 0.375, 0.375 ]
        },
        "thirdperson_lefthand": {
            "rotation": [ 75, 45, 0 ],
            "translation": [ 0, 2.5, 0 ],
            "scale": [ 0.375, 0.375, 0.375 ]
        },
        "firstperson_righthand": {
            "rotation": [ 0, 45, 0 ],
            "scale": [ 0.4, 0.4, 0.4 ]
        },
        "firstperson_lefthand": {
            "rotation": [ 0, -135, 0 ],
            "scale": [ 0.4, 0.4, 0.4 ]
        },
        "ground": {
            "translation": [ 0, 3, 0 ],
            "scale": [ 0.25, 0.25, 0.25 ]
        },
        "gui": {
            "rotation": [ 30, -135, 0 ],
            "scale": [ 0.625, 0.625, 0.625 ]
        },
        "head": {
            "translation": [ -0.01, -32.92, -0.01 ],
            "scale": [ 2.292, 2.292, 2.292 ]
        },
        "fixed": {
            "scale": [ 2, 2, 2 ],
            "rotation": [-90, 180, 0],
            "translation": [0, 0, -16]
        }
    }
}