{
	"parent": "generrosity:candle/decoration",
	"gui_light": "side",
	"textures": {
		"0": "generrosity:candle/candle_stub",
		"1": "generrosity:candle/holder",
		"2": "generrosity:candle/flame"
	},
	"elements": [
		{
			"from": [7, 0.01, 7],
			"to": [9, 4, 9],
			"faces": {
				"east": { "uv": [0, 0, 2, 4], "texture": "#0" },
				"west": { "uv": [0, 0, 2, 4], "texture": "#0" },
				"north": { "uv": [0, 0, 2, 4], "texture": "#0" },
				"south": { "uv": [0, 0, 2, 4], "texture": "#0" },
				"up": { "uv": [2, 0, 4, 2], "texture": "#0" },
				"down": { "uv": [2, 2, 4, 4], "texture": "#0" }
			}
		},
		{
			"from": [6, 0, 6],
			"to": [10, 1, 10],
			"faces": {
				"east": { "uv": [0, 0, 4, 1], "texture": "#1" },
				"west": { "uv": [0, 0, 4, 1], "texture": "#1" },
				"north": { "uv": [0, 0, 4, 1], "texture": "#1" },
				"south": { "uv": [0, 0, 4, 1], "texture": "#1" },
				"up": { "uv": [0, 2, 4, 6], "texture": "#1" },
				"down": { "uv": [0, 7, 4, 11], "texture": "#1" }
			}
		},
		{
			"from": [8, 4, 4],
			"to": [8, 12, 12],
			"faces": {
				"east": { "uv": [0, 0, 16, 16], "texture": "#2" },
				"west": { "uv": [16, 0, 0, 16], "texture": "#2" }
			}
		}
	]
}