{
    "display": {
        "thirdperson_righthand": {
            "rotation": [ 45, 45, 0 ],
            "translation": [ 0, 4, 3 ],
            "scale": [ 0.675, 0.675, 0.675 ]
        },
        "thirdperson_lefthand": {
            "rotation": [ 45, 45, 0 ],
            "translation": [ 0, 4, 3 ],
            "scale": [ 0.675, 0.675, 0.675 ]
        },
        "firstperson_righthand": {
            "rotation": [ 0, 45, 0 ],
            "scale": [ 0.6, 0.6, 0.6 ],
            "translation": [2, 4, -2]
        },
        "firstperson_lefthand": {
            "rotation": [ 0, -135, 0 ],
            "scale": [ 0.6, 0.6, 0.6 ],
            "translation": [2, 4, -2]
        },
        "ground": {
            "translation": [ 0, 3, 0 ],
            "scale": [ 0.45, 0.45, 0.45 ]
        },
        "gui": {
            "rotation": [ 30, -135, 0 ],
            "scale": [ 0.925, 0.925, 0.925 ],
            "translation": [0, 1, 0]
        },
        "head": {
            "translation": [ -0.01, -32.92, -0.01 ],
            "scale": [ 2.292, 2.292, 2.292 ]
        },
        "fixed": {
            "scale": [ 2.0, 2.0, 2.0 ],
            "rotation": [-90, 0, 0],
            "translation": [8.0, 0, -16]
        }
    }
}