{
    "parent": "generrosity:candle/decoration",
	"textures": {
		"0": "generrosity:candle/melted_wax"
	},
	"elements": [
		{
			"name": "melted_wax_0",
			"from": [7, 0, 4],
			"to": [8, 1, 12],
			"rotation": {"angle": 0, "axis": "y", "origin": [12, 8, 12]},
			"faces": {
				"north": {"uv": [4, 0, 3, 1], "texture": "#0"},
				"east": {"uv": [3, 0, 4, 8], "rotation": 90, "texture": "#0"},
				"south": {"uv": [3, 7, 4, 8], "texture": "#0"},
				"west": {"uv": [3, 0, 4, 8], "rotation": 270, "texture": "#0"},
				"up": {"uv": [3, 0, 4, 8], "texture": "#0"},
				"down": {"uv": [3, 8, 4, 0], "texture": "#0"}
			}
		},
		{
			"name": "melted_wax_1",
			"from": [9, 0, 4],
			"to": [10, 1, 11],
			"rotation": {"angle": 0, "axis": "y", "origin": [12, 8, 12]},
			"faces": {
				"north": {"uv": [6, 0, 5, 1], "texture": "#0"},
				"east": {"uv": [5, 0, 6, 7], "rotation": 90, "texture": "#0"},
				"south": {"uv": [5, 6, 6, 7], "texture": "#0"},
				"west": {"uv": [5, 0, 6, 7], "rotation": 270, "texture": "#0"},
				"up": {"uv": [5, 0, 6, 7], "texture": "#0"},
				"down": {"uv": [5, 7, 6, 0], "texture": "#0"}
			}
		},
		{
			"name": "melted_wax_2",
			"from": [4, 0, 5],
			"to": [5, 1, 6],
			"rotation": {"angle": 0, "axis": "y", "origin": [12, 8, 12]},
			"faces": {
				"north": {"uv": [1, 1, 0, 2], "texture": "#0"},
				"east": {"uv": [0, 1, 1, 2], "rotation": 90, "texture": "#0"},
				"south": {"uv": [0, 1, 1, 2], "texture": "#0"},
				"west": {"uv": [0, 1, 1, 2], "rotation": 270, "texture": "#0"},
				"up": {"uv": [0, 1, 1, 2], "texture": "#0"},
				"down": {"uv": [0, 2, 1, 1], "texture": "#0"}
			}
		},
		{
			"name": "melted_wax_3",
			"from": [6, 0, 5],
			"to": [7, 1, 11],
			"rotation": {"angle": 0, "axis": "y", "origin": [12, 8, 12]},
			"faces": {
				"north": {"uv": [3, 1, 2, 2], "texture": "#0"},
				"east": {"uv": [2, 1, 3, 7], "rotation": 90, "texture": "#0"},
				"south": {"uv": [2, 6, 3, 7], "texture": "#0"},
				"west": {"uv": [2, 1, 3, 7], "rotation": 270, "texture": "#0"},
				"up": {"uv": [2, 1, 3, 7], "texture": "#0"},
				"down": {"uv": [2, 7, 3, 1], "texture": "#0"}
			}
		},
		{
			"name": "melted_wax_4",
			"from": [8, 0, 5],
			"to": [9, 1, 12],
			"rotation": {"angle": 0, "axis": "y", "origin": [12, 8, 12]},
			"faces": {
				"north": {"uv": [5, 1, 4, 2], "texture": "#0"},
				"east": {"uv": [4, 1, 5, 8], "rotation": 90, "texture": "#0"},
				"south": {"uv": [4, 7, 5, 8], "texture": "#0"},
				"west": {"uv": [4, 1, 5, 8], "rotation": 270, "texture": "#0"},
				"up": {"uv": [4, 1, 5, 8], "texture": "#0"},
				"down": {"uv": [4, 8, 5, 1], "texture": "#0"}
			}
		},
		{
			"name": "melted_wax_5",
			"from": [10, 0, 5],
			"to": [11, 1, 6],
			"rotation": {"angle": 0, "axis": "y", "origin": [12, 8, 12]},
			"faces": {
				"north": {"uv": [7, 1, 6, 2], "texture": "#0"},
				"east": {"uv": [6, 1, 7, 2], "rotation": 90, "texture": "#0"},
				"south": {"uv": [6, 1, 7, 2], "texture": "#0"},
				"west": {"uv": [6, 1, 7, 2], "rotation": 270, "texture": "#0"},
				"up": {"uv": [6, 1, 7, 2], "texture": "#0"},
				"down": {"uv": [6, 2, 7, 1], "texture": "#0"}
			}
		},
		{
			"name": "melted_wax_6",
			"from": [5, 0, 6],
			"to": [6, 1, 10],
			"rotation": {"angle": 0, "axis": "y", "origin": [12, 8, 12]},
			"faces": {
				"north": {"uv": [2, 2, 1, 3], "texture": "#0"},
				"east": {"uv": [1, 2, 2, 6], "rotation": 90, "texture": "#0"},
				"south": {"uv": [1, 5, 2, 6], "texture": "#0"},
				"west": {"uv": [1, 2, 2, 6], "rotation": 270, "texture": "#0"},
				"up": {"uv": [1, 2, 2, 6], "texture": "#0"},
				"down": {"uv": [1, 6, 2, 2], "texture": "#0"}
			}
		},
		{
			"name": "melted_wax_7",
			"from": [4, 0, 7],
			"to": [5, 1, 8],
			"rotation": {"angle": 0, "axis": "y", "origin": [12, 8, 12]},
			"faces": {
				"north": {"uv": [1, 3, 0, 4], "texture": "#0"},
				"east": {"uv": [0, 3, 1, 4], "rotation": 90, "texture": "#0"},
				"south": {"uv": [0, 3, 1, 4], "texture": "#0"},
				"west": {"uv": [0, 3, 1, 4], "rotation": 270, "texture": "#0"},
				"up": {"uv": [0, 3, 1, 4], "texture": "#0"},
				"down": {"uv": [0, 4, 1, 3], "texture": "#0"}
			}
		},
		{
			"name": "melted_wax_8",
			"from": [10, 0, 7],
			"to": [12, 1, 9],
			"rotation": {"angle": 0, "axis": "y", "origin": [12, 8, 12]},
			"faces": {
				"north": {"uv": [8, 3, 6, 4], "texture": "#0"},
				"east": {"uv": [7, 3, 8, 5], "rotation": 90, "texture": "#0"},
				"south": {"uv": [6, 4, 8, 5], "texture": "#0"},
				"west": {"uv": [6, 3, 7, 5], "rotation": 270, "texture": "#0"},
				"up": {"uv": [6, 3, 8, 5], "texture": "#0"},
				"down": {"uv": [6, 5, 8, 3], "texture": "#0"}
			}
		},
		{
			"name": "melted_wax_9",
			"from": [4, 0, 9],
			"to": [5, 1, 10],
			"rotation": {"angle": 0, "axis": "y", "origin": [12, 8, 12]},
			"faces": {
				"north": {"uv": [1, 5, 0, 6], "texture": "#0"},
				"east": {"uv": [0, 5, 1, 6], "rotation": 90, "texture": "#0"},
				"south": {"uv": [0, 5, 1, 6], "texture": "#0"},
				"west": {"uv": [0, 5, 1, 6], "rotation": 270, "texture": "#0"},
				"up": {"uv": [0, 5, 1, 6], "texture": "#0"},
				"down": {"uv": [0, 6, 1, 5], "texture": "#0"}
			}
		},
		{
			"name": "melted_wax_10",
			"from": [10, 0, 9],
			"to": [11, 1, 11],
			"rotation": {"angle": 0, "axis": "y", "origin": [12, 8, 12]},
			"faces": {
				"north": {"uv": [7, 5, 6, 6], "texture": "#0"},
				"east": {"uv": [6, 5, 7, 7], "rotation": 90, "texture": "#0"},
				"south": {"uv": [6, 6, 7, 7], "texture": "#0"},
				"west": {"uv": [6, 5, 7, 7], "rotation": 270, "texture": "#0"},
				"up": {"uv": [6, 5, 7, 7], "texture": "#0"},
				"down": {"uv": [6, 7, 7, 5], "texture": "#0"}
			}
		},
		{
			"name": "melted_wax_11",
			"from": [11, 0, 11],
			"to": [12, 1, 12],
			"rotation": {"angle": 0, "axis": "y", "origin": [12, 8, 12]},
			"faces": {
				"north": {"uv": [8, 7, 7, 8], "texture": "#0"},
				"east": {"uv": [7, 7, 8, 8], "rotation": 90, "texture": "#0"},
				"south": {"uv": [7, 7, 8, 8], "texture": "#0"},
				"west": {"uv": [7, 7, 8, 8], "rotation": 270, "texture": "#0"},
				"up": {"uv": [7, 7, 8, 8], "texture": "#0"},
				"down": {"uv": [7, 8, 8, 7], "texture": "#0"}
			}
		}
	],
	"groups": [
		{
			"name": "melted_wax",
			"origin": [8, 8, 8],
			"children": [0, 1, 2, 3, 4, 5, 6, 7, 8, 9, 10, 11]
		}
	]
}
