{
    "display": {
        "icon": {
            "item": "minecraft:player_head",
            "nbt": "{SkullOwner:{Id:\"5625c69c-79b2-4c65-9244-acffeccafa26\",Name:\"Nitwit Villager\",Properties:{textures:[{Value:\"eyJ0ZXh0dXJlcyI6eyJTS0lOIjp7InVybCI6Imh0dHA6Ly90ZXh0dXJlcy5taW5lY3JhZnQubmV0L3RleHR1cmUvYWUwZTk1OTFlMTFhYWVmNGMyYzUxZDlhYzY5NTE0ZTM0MDQ4NWRlZmNjMmMxMmMzOGNkMTIzODZjMmVjNmI3OCJ9fX0=\"}]}}}"
        },
        "title": {
            "text": "Custom Villager Shops",
            "color": "white",
            "bold": false,
            "italic": false
        },
        "description": {
            "text": "Allows you to easily setup villager trades in creative, using a chest.",
            "color": "green",
            "bold": false,
            "italic": true
        },
        "show_toast": false,
        "announce_to_chat": false,
        "frame": "goal"
    },
    "parent": "main:main/root",
    "criteria": {
        "tick": {
            "trigger": "minecraft:tick"
        }
    }
}